"Hotel Name "," Hotel Id "," Room Type "," Booking id "," Customer Name "," Phone "," Email "," Booking Time "," Booking Date "," Check In "," Status "," Room Rent "," Down Payment "," Amount Due "," Dispute "
"eLog Inn (A Day Hotel) ","2 ","  "," SPK1447827113 "," marco "," 123456 "," marcohung@gmail.com"," 14:12:03 "," 18/11/2015 "," 18/11/2015 "," Confirm "," HK$222.00 "," HK$0.00 "," HK$222 "," aaaaaaaaaaaaaaa sdfg"
"eLog Inn (A Day Hotel) ","2 ","  "," SPK1447827893 "," marco "," 91234567 "," marcohung@gmail.com"," 14:25:16 "," 18/11/2015 "," 18/11/2015 "," Confirm "," HK$222.00 "," HK$0.00 "," HK$222 "," "
"eLog Inn (A Day Hotel) ","2 ","  "," SPK1447830024 "," marco hung "," 21314324 "," marcohung@gmail.com"," 15:00:41 "," 18/11/2015 "," 18/11/2015 "," Confirm "," HK$222.00 "," HK$0.00 "," HK$222 "," "
"eLog Inn (A Day Hotel) ","2 ","  "," SPK1448280522 "," bsi Test "," 9090909090 "," test@test.com"," 21:12:03 "," 23/11/2015 "," 23/11/2015 "," Confirm "," HK$555.00 "," HK$0.00 "," HK$555 "," Today comment"
"eLog Inn (A Day Hotel) ","2 ","  "," SPK1448597873 "," efewa "," fdsafweafw "," fadsfs"," 12:18:08 "," 27/11/2015 "," 27/11/2015 "," Confirm "," HK$333.00 "," HK$0.00 "," HK$333 "," "
"eLog Inn (A Day Hotel) ","2 "," Luxury Room - 3 Hours (Double). "," SPK1448724636 "," qe2 "," 24314 "," weq"," 23:50:33 "," 28/11/2015 "," 28/11/2015 "," Confirm "," HK$245.00 "," HK$0.00 "," HK$245 "," "
"eLog Inn (A Day Hotel) ","2 "," Luxury Room - 3 Hours (Double). "," SPK1448703704 "," affix "," e231 "," sdfds"," 17:42:11 "," 28/11/2015 "," 28/11/2015 "," Confirm "," HK$245.00 "," HK$0.00 "," HK$245 "," "
"eLog Inn (A Day Hotel) ","2 "," Luxury Room - 3 Hours (Double). "," SPK1448684338 "," jnljhkl "," rteyeyte "," jkhkjhkjh"," 12:19:15 "," 28/11/2015 "," 28/11/2015 "," Confirm "," HK$200.00 "," HK$0.00 "," HK$200 "," "
"eLog Inn (A Day Hotel) ","2 "," Luxury Room - Overnight (Double). "," SPK1448682109 "," 33 "," 556163 "," sd,",3fl," 11:42:07 "," 28/11/2015 "," 28/11/2015 "," Confirm "," HK$100.00 "," HK$0.00 "," HK$100 "," "
"eLog Inn (A Day Hotel) ","2 "," Luxury Room - 3 Hours (Double). "," SPK1448682003 "," asdf "," 54646 "," asfd@jldf.com"," 11:40:27 "," 28/11/2015 "," 28/11/2015 "," Confirm "," HK$217.00 "," HK$0.00 "," HK$217 "," "
"eLog Inn (A Day Hotel) ","2 "," Luxury Room - 3 Hours (Double). "," SPK1448780181 "," Madco "," 1237 "," Marcohung@gmail.com"," 14:56:49 "," 29/11/2015 "," 29/11/2015 "," Confirm "," HK$245.00 "," HK$0.00 "," HK$245 "," "
"eLog Inn (A Day Hotel) ","2 "," Luxury Room - Overnight (Double). "," SPK1448885260 "," Yy "," 09062038229 "," ikbal.mondal@bestsoftinc.com"," 20:08:05 "," 30/11/2015 "," 30/11/2015 "," Confirm "," HK$100.00 "," HK$0.00 "," HK$100 "," "
"eLog Inn (A Day Hotel) ","2 "," Luxury Room - Overnight (Double). "," SPK1448880790 "," Ikbal "," 123456789 "," ikbal.mondal@bestsoftinc.com"," 20:00:02 "," 30/11/2015 "," 30/11/2015 "," Confirm "," HK$100.00 "," HK$0.00 "," HK$100 "," "
"eLog Inn (A Day Hotel) ","2 "," Luxury Room - Overnight (Double). "," SPK1448880773 "," ikbal "," 33333 "," uj@gmil.com"," 20:00:16 "," 30/11/2015 "," 30/11/2015 "," Confirm "," HK$100.00 "," HK$0.00 "," HK$100 "," "
"eLog Inn (A Day Hotel) ","2 "," Luxury Room - Overnight (Double). "," SPK1448848449 "," Hkjjj "," Gffhjj "," Gyyuu"," 09:54:45 "," 30/11/2015 "," 30/11/2015 "," Confirm "," HK$100.00 "," HK$0.00 "," HK$100 "," "
"eLog Inn (A Day Hotel) ","2 "," Luxury Room - 3 Hours (Double). "," SPK1448994522 "," Q "," Q "," Q"," 02:28:59 "," 02/12/2015 "," 01/12/2015 "," Confirm "," HK$327.00 "," HK$0.00 "," HK$327 "," "
"eLog Inn (A Day Hotel) ","2 "," Luxury Room - 3 Hours (Double). "," SPK1449040174 "," Sjsjjddjd "," Rjdjdj "," Jsnsnddkdjdjd"," 15:09:49 "," 02/12/2015 "," 02/12/2015 "," Confirm "," HK$310.00 "," HK$0.00 "," HK$310 "," "
"eLog Inn (A Day Hotel) ","2 "," Luxury Room - 3 Hours (Double). "," SPK1449048444 "," Skdjjddjd "," Eoeie "," Dkdjdj"," 17:27:41 "," 02/12/2015 "," 02/12/2015 "," Confirm "," HK$310.00 "," HK$0.00 "," HK$310 "," "
"eLog Inn (A Day Hotel) ","2 "," Luxury Room - Overnight (Double). "," SPK1449048581 "," Msmsk "," 9128$2 "," Kskdjdn"," 17:30:04 "," 02/12/2015 "," 02/12/2015 "," Confirm "," HK$0.00 "," HK$0.00 "," HK$0 "," "
"eLog Inn (A Day Hotel) ","2 "," Luxury Room - 3 Hours (Double). "," SPK1449654488 "," c6 "," 1 "," 1"," 17:48:23 "," 09/12/2015 "," 09/12/2015 "," Confirm "," HK$310.00 "," HK$0.00 "," HK$310 "," "
"eLog Inn (A Day Hotel) ","2 "," Luxury Room - 3 Hours (Double). "," SPK1449655036 "," c7 "," 1 "," 1"," 18:10:51 "," 09/12/2015 "," 09/12/2015 "," Cancel "," HK$637.00 "," HK$0.00 "," HK$637 "," "
"eLog Inn (A Day Hotel) ","2 "," Luxury Room - Overnight (Double). "," SPK1449655208 "," c8 "," 1 "," 1"," 18:01:24 "," 09/12/2015 "," 09/12/2015 "," Confirm "," HK$400.00 "," HK$0.00 "," HK$400 "," "
"eLog Inn (A Day Hotel) ","2 "," Luxury Room - 3 Hours (Double). "," SPK1449656293 "," ikbal "," 9062038229 "," ikbalmondal@gmail.com"," 18:18:25 "," 09/12/2015 "," 09/12/2015 "," Confirm "," HK$310.00 "," HK$0.00 "," HK$310 "," "
"eLog Inn (A Day Hotel) ","2 "," Luxury Room - 3 Hours (Double). "," SPK1449658716 "," c10 "," 1 "," 1"," 18:59:08 "," 09/12/2015 "," 09/12/2015 "," Confirm "," HK$0.00 "," HK$0.00 "," HK$0 "," "
"eLog Inn (A Day Hotel) ","2 "," Luxury Room - Overnight (Double). "," SPK1449659414 "," c11 "," 1 "," 1"," 19:10:39 "," 09/12/2015 "," 09/12/2015 "," Confirm "," HK$417.00 "," HK$0.00 "," HK$417 "," "
"eLog Inn (A Day Hotel) ","2 "," Luxury Room - Overnight (Double). "," SPK1449659995 "," CM1 "," I  "," 1"," 19:21:34 "," 09/12/2015 "," 09/12/2015 "," Confirm "," HK$400.00 "," HK$0.00 "," HK$400 "," "
"eLog Inn (A Day Hotel) ","2 "," Luxury Room - Overnight (Double). "," SPK1449654431 "," c5 "," 1 "," 1"," 17:47:27 "," 09/12/2015 "," 09/12/2015 "," Confirm "," HK$400.00 "," HK$0.00 "," HK$400 "," "
"eLog Inn (A Day Hotel) ","2 "," Luxury Room - 3 Hours (Double). "," SPK1449654283 "," c4 "," 1 "," 1"," 17:45:01 "," 09/12/2015 "," 09/12/2015 "," Confirm "," HK$310.00 "," HK$0.00 "," HK$310 "," "
"eLog Inn (A Day Hotel) ","2 "," Luxury Room - Overnight (Double). "," SPK1449654207 "," chris test4 "," 1 "," 1"," 18:11:24 "," 09/12/2015 "," 09/12/2015 "," Cancel "," HK$400.00 "," HK$0.00 "," HK$400 "," "
"eLog Inn (A Day Hotel) ","2 "," Luxury Room - Overnight (Double). "," SPK1449649636 "," Marco "," 213213321 "," marcohung@gmail.com"," 18:10:22 "," 09/12/2015 "," 09/12/2015 "," Cancel "," HK$17.00 "," HK$0.00 "," HK$17 "," "
"eLog Inn (A Day Hotel) ","2 "," Luxury Room - Overnight (Double). "," SPK1449649807 "," Marco "," 2134214 "," marcohung@gmail.com"," 16:30:21 "," 09/12/2015 "," 09/12/2015 "," Confirm "," HK$17.00 "," HK$0.00 "," HK$17 "," "
"eLog Inn (A Day Hotel) ","2 "," Luxury Room - Overnight (Double). "," SPK1449650185 "," Marco "," 123456 "," marcohung@gmail.com"," 16:36:40 "," 09/12/2015 "," 09/12/2015 "," Confirm "," HK$17.00 "," HK$0.00 "," HK$17 "," "
"eLog Inn (A Day Hotel) ","2 "," Luxury Room - 3 Hours (Double). "," SPK1449653332 "," chris test "," 123456789 "," chrislaw3103@yahoo.com.hk"," 17:29:19 "," 09/12/2015 "," 09/12/2015 "," Confirm "," HK$327.00 "," HK$0.00 "," HK$327 "," "
"eLog Inn (A Day Hotel) ","2 "," Luxury Room - Overnight (Double). "," SPK1449653389 "," marco "," 10923123432 "," heihei1983@live.hk"," 17:30:00 "," 09/12/2015 "," 09/12/2015 "," Confirm "," HK$417.00 "," HK$0.00 "," HK$417 "," "
"eLog Inn (A Day Hotel) ","2 "," Luxury Room - Overnight (Double). "," SPK1449653727 "," marco "," 123455 "," heihei1983@live.hk"," 17:35:42 "," 09/12/2015 "," 09/12/2015 "," Confirm "," HK$400.00 "," HK$0.00 "," HK$400 "," "
"eLog Inn (A Day Hotel) ","2 "," Luxury Room - 3 Hours (Double). "," SPK1449653962 "," chris test2 "," 123 "," 1"," 17:39:42 "," 09/12/2015 "," 09/12/2015 "," Confirm "," HK$310.00 "," HK$0.00 "," HK$310 "," "
"eLog Inn (A Day Hotel) ","2 "," Luxury Room - Overnight (Double). "," SPK1450076730 "," Marco "," 1230945 "," marcohung@gmail.com"," 15:05:43 "," 14/12/2015 "," 14/12/2015 "," Confirm "," HK$400.00 "," HK$0.00 "," HK$400 "," "
"eLog Inn (A Day Hotel) ","2 "," Luxury Room - 3 Hours (Double). "," SPK1450174710 "," Skdjjj "," Mmm "," Nmmnnn"," 18:18:41 "," 15/12/2015 "," 15/12/2015 "," Confirm "," HK$123.00 "," HK$0.00 "," HK$123 "," "
"eLog Inn (A Day Hotel) ","2 "," Luxury Room - 3 Hours (Double). "," SPK1450174674 "," Ekejdj "," Djdjdj "," Djdjdj"," 18:18:05 "," 15/12/2015 "," 15/12/2015 "," Confirm "," HK$123.00 "," HK$0.00 "," HK$123 "," "
"eLog Inn (A Day Hotel) ","2 "," Luxury Room - 3 Hours (Double). "," SPK1450162503 "," afdsaf "," 321215432532 "," dsafdsa@afdsaf.com"," 14:55:18 "," 15/12/2015 "," 15/12/2015 "," Confirm "," HK$123.00 "," HK$0.00 "," HK$123 "," "
"eLog Inn (A Day Hotel) ","2 "," Luxury Room - 3 Hours (Double). "," SPK1450196156 "," Hkkjn "," Bbnn "," Hnjj"," 00:16:07 "," 16/12/2015 "," 16/12/2015 "," Confirm "," HK$123.00 "," HK$0.00 "," HK$123 "," "
"eLog Inn (A Day Hotel) ","2 "," Luxury Room - 3 Hours (Double). "," SPK1450244550 "," fdsfds "," 123131 "," 32ew"," 13:42:37 "," 16/12/2015 "," 16/12/2015 "," Confirm "," HK$123.00 "," HK$0.00 "," HK$123 "," "
"eLog Inn (A Day Hotel) ","2 "," Luxury Room - 3 Hours (Double). "," SPK1450248824 "," fdafda "," safdsafdsa "," 32rewaf"," 14:53:52 "," 16/12/2015 "," 16/12/2015 "," Confirm "," HK$123.00 "," HK$0.00 "," HK$123 "," "
"eLog Inn (A Day Hotel) ","2 "," Luxury Room - 3 Hours (Double). "," SPK1450496667 "," Marco "," 161618919 "," marcohung@gmail.com"," 11:44:46 "," 19/12/2015 "," 19/12/2015 "," Confirm "," HK$123.00 "," HK$0.00 "," HK$123 "," "
"eLog Inn (A Day Hotel) ","2 "," Luxury Room - 3 Hours (Double). "," SPK1450853793 "," ikbal "," 9062038229 "," ikbal.mondal@bestsoftinc.com"," 14:56:45 "," 23/12/2015 "," 23/12/2015 "," Confirm "," HK$123.00 "," HK$0.00 "," HK$123 "," "
"eLog Inn (A Day Hotel) ","2 "," Luxury Room - 3 Hours (Double). "," SPK1450852040 "," ikbal "," 9062038229 "," ikbal.mondal@bestsoftinc.com"," 14:27:32 "," 23/12/2015 "," 23/12/2015 "," Confirm "," HK$123.00 "," HK$0.00 "," HK$123 "," "
"eLog Inn (A Day Hotel) ","2 "," Luxury Room - 3 Hours (Double). "," SPK1451271919 "," marco "," 1092390214 "," heihei1983@live.hk"," 11:05:33 "," 28/12/2015 "," 28/12/2015 "," Confirm "," HK$123.00 "," HK$0.00 "," HK$123 "," "
"eLog Inn (A Day Hotel) ","2 "," Luxury Room - Overnight (Double). "," SPK1451662567 "," c3 "," 1 "," 1"," 23:36:30 "," 01/01/2016 "," 01/01/2016 "," Confirm "," HK$400.00 "," HK$0.00 "," HK$400 "," "
"eLog Inn (A Day Hotel) ","2 "," Luxury Room - 3 Hours (Double). "," SPK1451662220 "," c2 "," 1 "," 1"," 23:33:30 "," 01/01/2016 "," 01/01/2016 "," Confirm "," HK$123.00 "," HK$0.00 "," HK$123 "," "
"eLog Inn (A Day Hotel) ","2 "," Luxury Room - 3 Hours (Double). "," SPK1451661033 "," Yu Wai Kit "," 96441612 "," rickyyu85@gmail.com"," 23:13:39 "," 01/01/2016 "," 01/01/2016 "," Confirm "," HK$123.00 "," HK$0.00 "," HK$123 "," "
"eLog Inn (A Day Hotel) ","2 "," Luxury Room - 3 Hours (Double). "," SPK1451660861 "," Rixj "," 16189 "," sdf"," 23:07:55 "," 01/01/2016 "," 01/01/2016 "," Confirm "," HK$123.00 "," HK$0.00 "," HK$123 "," "
"eLog Inn (A Day Hotel) ","2 "," Luxury Room - 3 Hours (Double). "," SPK1451659871 "," sadf "," 16189 "," asdf16"," 22:51:19 "," 01/01/2016 "," 01/01/2016 "," Confirm "," HK$123.00 "," HK$0.00 "," HK$123 "," "
"eLog Inn (A Day Hotel) ","2 "," Luxury Room - 3 Hours (Double). "," SPK1451658492 "," Chris test "," 12345678 "," Hi@hi.com"," 23:45:42 "," 01/01/2016 "," 01/01/2016 "," Cancel "," HK$123.00 "," HK$0.00 "," HK$123 "," "
"eLog Inn (A Day Hotel) ","2 "," Luxury Room - 3 Hours (Double). "," SPK1451711107 "," C7 "," 98505506 "," Chrislaw3103@gmail.com"," 13:06:46 "," 02/01/2016 "," 02/01/2016 "," Cancel "," HK$123.00 "," HK$0.00 "," HK$123 "," "
"eLog Inn (A Day Hotel) ","2 "," Luxury Room - 3 Hours (Double).Luxury Room - Overnight (Double). "," SPK1451664723 "," c8 "," c "," c"," 00:12:19 "," 02/01/2016 "," 02/01/2016 "," Confirm "," HK$2615.00 "," HK$0.00 "," HK$2615 "," "
"eLog Inn (A Day Hotel) ","2 "," Luxury Room - 3 Hours (Double).Luxury Room - Overnight (Double). "," SPK1451664624 "," c7 "," a "," a"," 00:10:43 "," 02/01/2016 "," 02/01/2016 "," Confirm "," HK$523.00 "," HK$0.00 "," HK$523 "," "
"eLog Inn (A Day Hotel) ","2 "," Luxury Room - 3 Hours (Double). "," SPK1451664543 "," c6 "," a "," a"," 00:09:28 "," 02/01/2016 "," 02/01/2016 "," Confirm "," HK$123.00 "," HK$0.00 "," HK$123 "," "
"eLog Inn (A Day Hotel) ","2 "," Luxury Room - 3 Hours (Double). "," SPK1451664408 "," c5 "," 1 "," 1"," 00:08:25 "," 02/01/2016 "," 02/01/2016 "," Confirm "," HK$123.00 "," HK$0.00 "," HK$123 "," "
"eLog Inn (A Day Hotel) ","2 "," Luxury Room - 3 Hours (Double). "," SPK1451664101 "," c4 "," 2 "," 1"," 12:43:36 "," 02/01/2016 "," 02/01/2016 "," Cancel "," HK$369.00 "," HK$0.00 "," HK$369 "," "
"eLog Inn (A Day Hotel) ","2 "," Luxury Room - 3 Hours (Double). "," SPK1451834702 "," Jsjskss "," 82738393 "," Marcohung@gmail.com"," 23:25:36 "," 03/01/2016 "," 03/01/2016 "," Confirm "," HK$123.00 "," HK$0.00 "," HK$123 "," "
"eLog Inn (A Day Hotel) ","2 "," Luxury Room - 3 Hours (Double). "," SPK1452242824 "," sfdsafds "," EAWFW "," foajeoiaw"," 16:47:20 "," 08/01/2016 "," 08/01/2016 "," Confirm "," HK$123.00 "," HK$0.00 "," HK$123 "," "
"eLog Inn (A Day Hotel) ","2 "," Luxury Room - 3 Hours (Double). "," SPK1453187937 "," Test Bsi Test "," 09090909090 "," abhisekh.guchait@bestsoftinc.com"," 15:19:08 "," 19/01/2016 "," 19/01/2016 "," Confirm "," HK$123.00 "," HK$123.00 "," HK$0 "," "
"eLog Inn (A Day Hotel) ","2 "," Luxury Room - 3 Hours (Double). "," SPK1453187632 "," Bsi Test efgh "," 09090909090 "," abhisekh.guchait@bestsoftinc.com"," 15:14:10 "," 19/01/2016 "," 19/01/2016 "," Confirm "," HK$123.00 "," HK$12.30 "," HK$110.7 "," "
"eLog Inn (A Day Hotel) ","2 "," Luxury Room - Overnight (Double). "," SPK1453184573 "," Bsi Test abcd "," 09090909090 "," abhisekh.guchait@bestsoftinc.com"," 15:15:45 "," 19/01/2016 "," 19/01/2016 "," Confirm "," HK$400.00 "," HK$40.00 "," HK$360 "," "
"eLog Inn (A Day Hotel) ","2 "," Luxury Room - 3 Hours (Double). "," SPK1453184297 "," Bsi Test Abhi "," 9090909090 "," abhisekh.guchait@bestsoftinc.com"," 14:19:20 "," 19/01/2016 "," 19/01/2016 "," Confirm "," HK$123.00 "," HK$0.00 "," HK$123 "," "
"eLog Inn (A Day Hotel) ","2 "," Luxury Room - 3 Hours (Double). "," SPK1453287833 "," Bsi Test today "," 09090909090 "," abhisekh.guchait@bestsoftinc.com"," 19:05:16 "," 20/01/2016 "," 20/01/2016 "," Confirm "," HK$123.00 "," HK$123.00 "," HK$0 "," aaaaaaaaaaaaaaaaaaa"
"eLog Inn (A Day Hotel) ","2 "," Luxury Room - 3 Hours (Double). "," SPK1453365879 "," Today Bsi Test "," 09080706050 "," abhisekh.guchait@bestsoftinc.com"," 19:27:37 "," 21/01/2016 "," 21/01/2016 "," Check Out "," HK$123.00 "," HK$24.60 "," HK$98.4 "," "
"eLog Inn (A Day Hotel) ","2 "," Luxury Room - 3 Hours (Double). "," SPK1453364527 "," Today Bsi Test "," 09090909090 "," abhisekh.guchait@bestsoftinc.com"," 19:29:59 "," 21/01/2016 "," 21/01/2016 "," Check In "," HK$123.00 "," HK$24.60 "," HK$98.4 "," "
"eLog Inn (A Day Hotel) ","2 "," Luxury Room - 3 Hours (Double). "," SPK1453343102 "," ds "," 123 "," marcohung@gmail.com"," 20:22:05 "," 21/01/2016 "," 21/01/2016 "," Cancel "," HK$123.00 "," HK$24.60 "," HK$98.4 "," "
"eLog Inn (A Day Hotel) ","2 "," Luxury Room - 3 Hours (Double). "," SPK1453342227 "," dsaf "," dsaf "," fdsfdsads"," 20:22:34 "," 21/01/2016 "," 21/01/2016 "," Cancel "," HK$123.00 "," HK$123.00 "," HK$0 "," "
"eLog Inn (A Day Hotel) ","2 "," Luxury Room - 3 Hours (Double). "," SPK1453341903 "," dsaf "," fds "," dsad"," 10:05:15 "," 21/01/2016 "," 21/01/2016 "," Check In "," HK$123.00 "," HK$123.00 "," HK$0 "," test  Test  test  Test"
"eLog Inn (A Day Hotel) ","2 "," Luxury Room - 3 Hours (Double). "," SPK1453467883 "," Bsi Test "," 09090909090 "," abhisekh.guchait@bestsoftinc.com"," 21:04:52 "," 22/01/2016 "," 22/01/2016 "," Confirm "," HK$123.00 "," HK$24.60 "," HK$98.4 "," "
"eLog Inn (A Day Hotel) ","2 "," Luxury Room - 3 Hours (Double). "," SPK1453467652 "," Bsi Test "," 09090909090 "," abhisekh.guchait@bestsoftinc.com"," 21:01:14 "," 22/01/2016 "," 22/01/2016 "," Confirm "," HK$123.00 "," HK$24.60 "," HK$98.4 "," "
"eLog Inn (A Day Hotel) ","2 "," Luxury Room - 3 Hours (Double). "," SPK1453460320 "," Bsi Test "," 09090909090 "," abhisekh.guchait@bestsoftinc.com"," 18:58:49 "," 22/01/2016 "," 22/01/2016 "," Confirm "," HK$123.00 "," HK$24.60 "," HK$98.4 "," "
"eLog Inn (A Day Hotel) ","2 "," Luxury Room - 3 Hours (Double). "," SPK1453436370 "," dsafdsfdsafdsa "," fdsafdas "," fdsfdsadsfdsa"," 12:19:39 "," 22/01/2016 "," 22/01/2016 "," Confirm "," HK$123.00 "," HK$24.60 "," HK$98.4 "," confirm test 20160131 1453"
"eLog Inn (A Day Hotel) ","2 "," Luxury Room - 3 Hours (Double). "," SPK1453436146 "," dsafdsa "," fdsadfsa "," fdsafdsa"," 12:16:30 "," 22/01/2016 "," 22/01/2016 "," Cancel "," HK$123.00 "," HK$24.60 "," HK$98.4 "," test cancel 20160131 1452"
"eLog Inn (A Day Hotel) ","2 "," Luxury Room - 3 Hours (Double). "," SPK1453435498 "," dsaf "," 123 "," marcohung@gmail.com"," 12:05:09 "," 22/01/2016 "," 22/01/2016 "," Confirm "," HK$123.00 "," HK$24.60 "," HK$98.4 "," "
"eLog Inn (A Day Hotel) ","2 "," Luxury Room - 3 Hours (Double). "," SPK1453516879 "," ricky "," 91496161 "," afdslkj@jal.com"," 10:41:41 "," 23/01/2016 "," 23/01/2016 "," Confirm "," HK$123.00 "," HK$24.60 "," HK$98.4 "," ricky 201601311451"
"eLog Inn (A Day Hotel) ","2 "," Luxury Room - 3 Hours (Double). "," SPK1453517020 "," Ricky "," 131365618 "," rickyyu85@gmail.com"," 10:44:02 "," 23/01/2016 "," 23/01/2016 "," Confirm "," HK$123.00 "," HK$24.60 "," HK$98.4 "," "
"eLog Inn (A Day Hotel) ","2 "," Luxury Room - Overnight (Double). "," SPK1453517180 "," Test1 "," 123 "," Chrislaw3103@gmail.com"," 10:47:02 "," 23/01/2016 "," 23/01/2016 "," Confirm "," HK$400.00 "," HK$80.00 "," HK$320 "," "
"eLog Inn (A Day Hotel) ","2 "," Luxury Room - 3 Hours (Double). "," SPK1453743843 "," ddd "," fads "," fads"," 01:44:16 "," 26/01/2016 "," 26/01/2016 "," Confirm "," HK$123.00 "," HK$24.60 "," HK$98.4 "," mmmmm test again 20160131 1442"
"eLog Inn (A Day Hotel) ","2 "," Luxury Room - 3 Hours (Double). "," SPK1453888654 "," Bsi Test "," 09090909090 "," abhisekh.guchait@bestsoftinc.com"," 19:27:09 "," 27/01/2016 "," 27/01/2016 "," Confirm "," HK$123.00 "," HK$24.60 "," HK$98.4 "," "
"eLog Inn (A Day Hotel) ","2 "," Luxury Room - 3 Hours (Double). "," SPK1453879972 "," Bsi Test "," 09090909090 "," abhisekh.guchait@bestsoftinc.com"," 15:57:49 "," 27/01/2016 "," 27/01/2016 "," Cancel "," HK$123.00 "," HK$24.60 "," HK$98.4 "," testing conform 20160131 1441"
"eLog Inn (A Day Hotel) ","2 "," Luxury Room - 3 Hours (Double). "," SPK1454153387 "," Dk "," 112383 "," Rjrjrjee"," 19:30:13 "," 30/01/2016 "," 30/01/2016 "," Confirm "," HK$123.00 "," HK$24.60 "," HK$98.4 "," testing comment old test"
"eLog Inn (A Day Hotel) ","2 "," Luxury Room - 3 Hours (Double). "," SPK1454220942 "," ccoo "," 123 "," marcohung@gmail.com"," 14:16:01 "," 31/01/2016 "," 31/01/2016 "," Confirm "," HK$123.00 "," HK$24.60 "," HK$98.4 "," active test 1456 20160204"
"eLog Inn (A Day Hotel) ","2 "," Luxury Room - 3 Hours (Double). "," SPK1454221507 "," coo "," fads "," fdas"," 14:27:05 "," 31/01/2016 "," 31/01/2016 "," Cancel "," HK$123.00 "," HK$24.60 "," HK$98.4 "," testing 20160131 current test, cancel 20160204"
"eLog Inn (A Day Hotel) ","2 "," Luxury Room - 3 Hours (Double). "," SPK1454221539 "," doo "," 123 "," marcohung@gmail.com"," 14:25:50 "," 31/01/2016 "," 31/01/2016 "," Check In "," HK$123.00 "," HK$24.60 "," HK$98.4 "," "
"eLog Inn (A Day Hotel) ","2 "," Luxury Room - 3 Hours (Double). "," SPK1454416225 "," ikbal "," 9062038229 "," ikbalmondal@gmail.com"," 20:30:25 "," 02/02/2016 "," 01/02/2016 "," Confirm "," HK$123.00 "," HK$24.60 "," HK$98.4 "," "
"eLog Inn (A Day Hotel) ","2 "," Luxury Room - 3 Hours (Double). "," SPK1454413415 "," ikbal Mondal "," 9062038229 "," ikbalmondal@gmail.com"," 19:43:36 "," 02/02/2016 "," 01/02/2016 "," Confirm "," HK$123.00 "," HK$24.60 "," HK$98.4 "," "
"eLog Inn (A Day Hotel) ","2 "," Luxury Room - 3 Hours (Double). "," SPK1454313192 "," Bsi Test "," 09090909090 "," abhisekh.guchait@bestsoftinc.com"," 15:53:12 "," 01/02/2016 "," 01/02/2016 "," Confirm "," HK$123.00 "," HK$24.60 "," HK$98.4 "," "
"eLog Inn (A Day Hotel) ","2 "," Luxury Room - 3 Hours (Double). "," SPK1454310549 "," Bsi Test "," 09090909090 "," abhisekh.guchait@bestsoftinc.com"," 15:13:50 "," 01/02/2016 "," 01/02/2016 "," Cancel "," HK$123.00 "," HK$24.60 "," HK$98.4 "," "
"eLog Inn (A Day Hotel) ","2 "," Luxury Room - 3 Hours (Double). "," SPK1454494815 "," ddfsfsa "," fdsadfsa "," fdsadfsa"," 18:20:15 "," 03/02/2016 "," 03/02/2016 "," Check In "," HK$123.00 "," HK$24.60 "," HK$98.4 "," "
"eLog Inn (A Day Hotel) ","2 "," Luxury Room - 3 Hours (Double). "," SPK1454659122 "," l "," 98505506 "," l@l.c"," 15:58:42 "," 05/02/2016 "," 05/02/2016 "," Confirm "," HK$123.00 "," HK$24.60 "," HK$98.4 "," "
"eLog Inn (A Day Hotel) ","2 "," Luxury Room - Overnight (Double). "," SPK1454775091 "," ,m,m "," wer "," marcohung@gmail.com"," 00:11:31 "," 07/02/2016 "," 06/02/2016 "," Confirm "," HK$333.00 "," HK$66.60 "," HK$266.4 "," "
"eLog Inn (A Day Hotel) ","2 "," Luxury Room - 3 Hours (Double). "," SPK1454733018 "," 12 "," 123 "," 123"," 12:30:18 "," 06/02/2016 "," 06/02/2016 "," Confirm "," HK$123.00 "," HK$24.60 "," HK$98.4 "," "
"eLog Inn (A Day Hotel) ","2 "," Luxury Room - 3 Hours (Double). "," SPK1454730582 "," Aa "," A "," A"," 11:49:42 "," 06/02/2016 "," 06/02/2016 "," Confirm "," HK$123.00 "," HK$24.60 "," HK$98.4 "," "
"eLog Inn (A Day Hotel) ","2 "," Luxury Room - 3 Hours (Double). "," SPK1454730406 "," lkmdsadm "," jfdslkf "," jfslkfj"," 11:46:46 "," 06/02/2016 "," 06/02/2016 "," Confirm "," HK$123.00 "," HK$24.60 "," HK$98.4 "," "
"eLog Inn (A Day Hotel) ","2 "," Luxury Room - 3 Hours (Double). "," SPK1454730377 "," sdjfidsj "," jj "," lksajfl"," 11:46:17 "," 06/02/2016 "," 06/02/2016 "," Confirm "," HK$123.00 "," HK$24.60 "," HK$98.4 "," "
"eLog Inn (A Day Hotel) ","2 "," Luxury Room - 3 Hours (Double). "," SPK1455084933 "," Djdjd "," Fjdjjddd "," Djdjjdd"," 14:15:33 "," 10/02/2016 "," 10/02/2016 "," Confirm "," HK$123.00 "," HK$24.60 "," HK$98.4 "," "
"eLog Inn (A Day Hotel) ","2 "," Luxury Room - Overnight (Double). "," SPK1455088464 "," fdsafs "," fsdfad "," fdsafdsa"," 15:14:24 "," 10/02/2016 "," 10/02/2016 "," Confirm "," HK$333.00 "," HK$66.60 "," HK$266.4 "," "
"eLog Inn (A Day Hotel) ","2 "," Luxury Room - 3 Hours (Double). "," SPK1455123912 "," fdafa "," fdfad "," dasf"," 01:05:12 "," 11/02/2016 "," 10/02/2016 "," Confirm "," HK$123.00 "," HK$24.60 "," HK$98.4 "," "
"eLog Inn (A Day Hotel) ","2 "," Luxury Room - Overnight (Double). "," SPK1455784258 "," Test "," 1 "," Hi@hi.c"," 16:30:58 "," 18/02/2016 "," 18/02/2016 "," Cancel "," HK$333.00 "," HK$66.60 "," HK$266.4 "," "
